Datetime,sensor_id,concentration (ug/m^3)
2022-01-01,sensor1,1.6650780114989319
2022-01-01,sensor2,1.2016838436668273
2022-01-01,sensor3,1.4568468261285017
2022-01-01,sensor4,1.2663126176478605
2022-01-01,sensor5,1.200544781906663
2022-01-01,sensor6,0.6610278844967935
2022-01-01,sensor7,0.5263288576547072
2022-01-01,sensor8,1.537027607441626
2022-01-01,sensor9,1.046261268260683
2022-01-01,sensor10,0.8871812061672166
2022-01-02,sensor1,1.7626841612462585
2022-01-02,sensor2,1.2162848990191149
2022-01-02,sensor3,1.4417773416277333
2022-01-02,sensor4,0.9940634940408279
2022-01-02,sensor5,0.6411430338633413
2022-01-02,sensor6,0.7637336363325271
2022-01-02,sensor7,0.9675152623452694
2022-01-02,sensor8,0.502565659153958
2022-01-02,sensor9,1.1313057417950323
2022-01-02,sensor10,0.7883011368966084
2022-01-03,sensor1,0.6883845423409145
2022-01-03,sensor2,1.5212742660431458
2022-01-03,sensor3,1.8780584454027267
2022-01-03,sensor4,0.8994782411098453
2022-01-03,sensor5,1.3577252708840337
2022-01-03,sensor6,1.1194713497689122
2022-01-03,sensor7,1.335920693924917
2022-01-03,sensor8,0.764010567466169
2022-01-03,sensor9,1.566290796157191
2022-01-03,sensor10,1.7771899022896562
2022-01-04,sensor1,1.3112017954683797
2022-01-04,sensor2,0.9464491915521489
2022-01-04,sensor3,0.9633748769536643
2022-01-04,sensor4,0.5950178965636728
2022-01-04,sensor5,1.7914417677310706
2022-01-04,sensor6,1.208247915525622
2022-01-04,sensor7,0.5943306334397596
2022-01-04,sensor8,1.406990985565029
2022-01-04,sensor9,0.7459917217608276
2022-01-04,sensor10,0.7078867521531225
2022-01-05,sensor1,1.9098778093723268
2022-01-05,sensor2,0.9862660397403983
2022-01-05,sensor3,0.7801360605682982
2022-01-05,sensor4,0.591815163865063
2022-01-05,sensor5,1.253253157491505
2022-01-05,sensor6,1.0774334951440776
2022-01-05,sensor7,0.6233863870312548
2022-01-05,sensor8,1.9060645623212942
2022-01-05,sensor9,1.637719519582394
2022-01-05,sensor10,1.1504310304729122
2022-01-06,sensor1,1.2665468966128093
2022-01-06,sensor2,1.1799969925002467
2022-01-06,sensor3,0.9969613208743445
2022-01-06,sensor4,1.6316177787420423
2022-01-06,sensor5,0.9236466774945273
2022-01-06,sensor6,0.922676052523355
2022-01-06,sensor7,1.6437527812027932
2022-01-06,sensor8,1.013915795349182
2022-01-06,sensor9,0.5618303888340068
2022-01-06,sensor10,1.589433798808459
2022-01-07,sensor1,1.8082671351752135
2022-01-07,sensor2,1.4165499313506988
2022-01-07,sensor3,1.9166678951090064
2022-01-07,sensor4,0.8953069474478907
2022-01-07,sensor5,1.2054695744442174
2022-01-07,sensor6,0.9613229739147771
2022-01-07,sensor7,1.9375773782993106
2022-01-07,sensor8,0.5448092812860406
2022-01-07,sensor9,1.4755626509642237
2022-01-07,sensor10,1.1919318384670368
2022-01-08,sensor1,1.626058398151845
2022-01-08,sensor2,0.9822002097446236
2022-01-08,sensor3,0.9567885085377672
2022-01-08,sensor4,1.3159671351654165
2022-01-08,sensor5,0.6684696046620344
2022-01-08,sensor6,1.927747395941603
2022-01-08,sensor7,1.6875992329476108
2022-01-08,sensor8,1.8063135818638263
2022-01-08,sensor9,1.9026657420924082
2022-01-08,sensor10,1.2572907927661956
2022-01-09,sensor1,0.5186281230073678
2022-01-09,sensor2,1.8548675484647705
2022-01-09,sensor3,0.8031812797669535
2022-01-09,sensor4,1.962025826915606
2022-01-09,sensor5,0.9194783890266345
2022-01-09,sensor6,1.12751632797183
2022-01-09,sensor7,1.0423953860826514
2022-01-09,sensor8,0.5979766704382771
2022-01-09,sensor9,1.7266175469626055
2022-01-09,sensor10,0.7680531370249388
2022-01-10,sensor1,0.9864427569109775
2022-01-10,sensor2,0.9418126963115443
2022-01-10,sensor3,0.506115709797007
2022-01-10,sensor4,1.1667390613409545
2022-01-10,sensor5,1.0812241044347217
2022-01-10,sensor6,1.7192704958507528
2022-01-10,sensor7,1.1272441247238165
2022-01-10,sensor8,1.6601447334987565
2022-01-10,sensor9,0.5396971913046803
2022-01-10,sensor10,1.6722962447400607
2022-01-11,sensor1,1.8263628598174075
2022-01-11,sensor2,1.3438863948134654
2022-01-11,sensor3,1.5877437779971904
2022-01-11,sensor4,0.6610655204735869
2022-01-11,sensor5,0.5490038929882928
2022-01-11,sensor6,1.7291818516508997
2022-01-11,sensor7,1.8446048285923689
2022-01-11,sensor8,0.7748771297685018
2022-01-11,sensor9,1.9403055396039028
2022-01-11,sensor10,1.1605387538148144
2022-01-12,sensor1,1.5890797897576736
2022-01-12,sensor2,1.413662229971183
2022-01-12,sensor3,1.8418669464090542
2022-01-12,sensor4,1.3555204570608377
2022-01-12,sensor5,0.5996795438825747
2022-01-12,sensor6,1.7030822767779752
2022-01-12,sensor7,1.4139159512911943
2022-01-12,sensor8,1.4567275029271955
2022-01-12,sensor9,0.7018236200306822
2022-01-12,sensor10,1.1297256725729974
2022-01-13,sensor1,1.2806391650093012
2022-01-13,sensor2,1.6678835572273003
2022-01-13,sensor3,1.4294933139529664
2022-01-13,sensor4,0.6804828362469835
2022-01-13,sensor5,1.020340002031193
2022-01-13,sensor6,1.27769261104168
2022-01-13,sensor7,0.798607053322345
2022-01-13,sensor8,1.625425588053353
2022-01-13,sensor9,1.1320516882801421
2022-01-13,sensor10,0.8693326385003255
2022-01-14,sensor1,1.1940421979018252
2022-01-14,sensor2,1.2836434925865623
2022-01-14,sensor3,1.9491051424389634
2022-01-14,sensor4,0.7560680832064135
2022-01-14,sensor5,0.6343938113812566
2022-01-14,sensor6,1.028147791871788
2022-01-14,sensor7,0.8968148024103108
2022-01-14,sensor8,1.6185827642830828
2022-01-14,sensor9,1.6740853554995014
2022-01-14,sensor10,1.0130887081963311
2022-01-15,sensor1,1.30745668644912
2022-01-15,sensor2,1.5993625890232241
2022-01-15,sensor3,0.5871883286024024
2022-01-15,sensor4,1.6859337211111227
2022-01-15,sensor5,1.7897843219329501
2022-01-15,sensor6,1.8401120070595496
2022-01-15,sensor7,1.7981911873148597
2022-01-15,sensor8,1.4135551365233936
2022-01-15,sensor9,1.5953263826016533
2022-01-15,sensor10,1.4196404307484514
2022-01-16,sensor1,1.8643098189729157
2022-01-16,sensor2,0.8007965888343933
2022-01-16,sensor3,1.340797273759113
2022-01-16,sensor4,0.6204189310694543
2022-01-16,sensor5,1.4712187523890299
2022-01-16,sensor6,0.859183670930328
2022-01-16,sensor7,1.7601815009632433
2022-01-16,sensor8,1.1337913287396306
2022-01-16,sensor9,1.3588391251326775
2022-01-16,sensor10,1.0712195885795954
2022-01-17,sensor1,1.9006800855580965
2022-01-17,sensor2,0.7507597458779174
2022-01-17,sensor3,1.7995393639961512
2022-01-17,sensor4,1.0835736604151953
2022-01-17,sensor5,1.3026885890804125
2022-01-17,sensor6,0.6187931845076673
2022-01-17,sensor7,1.1804222095337347
2022-01-17,sensor8,1.3363555652606451
2022-01-17,sensor9,1.4304476330810296
2022-01-17,sensor10,0.9448946670288092
2022-01-18,sensor1,1.7566969069495695
2022-01-18,sensor2,0.9547135252516954
2022-01-18,sensor3,0.7467890377209352
2022-01-18,sensor4,1.8292398722127152
2022-01-18,sensor5,1.6193063622520956
2022-01-18,sensor6,1.2301142565605492
2022-01-18,sensor7,1.7159730860455589
2022-01-18,sensor8,0.8927843932920196
2022-01-18,sensor9,0.7841796962925982
2022-01-18,sensor10,1.2803358266161462
2022-01-19,sensor1,1.646336175666677
2022-01-19,sensor2,0.8436675894559478
2022-01-19,sensor3,0.6447545259129601
2022-01-19,sensor4,1.2616276916556117
2022-01-19,sensor5,1.372511453984722
2022-01-19,sensor6,1.6785709428726445
2022-01-19,sensor7,1.2720237721246048
2022-01-19,sensor8,1.2998780034688089
2022-01-19,sensor9,0.80427957862851
2022-01-19,sensor10,1.2398839199476122
2022-01-20,sensor1,1.2019635475056099
2022-01-20,sensor2,0.7769852149431737
2022-01-20,sensor3,0.7155230610096904
2022-01-20,sensor4,0.6410867906542064
2022-01-20,sensor5,1.8099598414970117
2022-01-20,sensor6,1.4183847513538324
2022-01-20,sensor7,1.423918312364209
2022-01-20,sensor8,1.9242266162806128
2022-01-20,sensor9,1.234627232773708
2022-01-20,sensor10,0.6085958297076228
2022-01-21,sensor1,0.6777630101808527
2022-01-21,sensor2,0.6023444773605949
2022-01-21,sensor3,1.0671874555742948
2022-01-21,sensor4,0.6841799104186788
2022-01-21,sensor5,0.51961060627007
2022-01-21,sensor6,0.6389949400978417
2022-01-21,sensor7,1.772651754695553
2022-01-21,sensor8,1.8570488900335833
2022-01-21,sensor9,1.586368246173055
2022-01-21,sensor10,1.1765465993172866
2022-01-22,sensor1,0.7660203266257071
2022-01-22,sensor2,1.061260220757719
2022-01-22,sensor3,0.5036118951665289
2022-01-22,sensor4,1.9263345982680509
2022-01-22,sensor5,1.1403015219581853
2022-01-22,sensor6,1.5075235592360228
2022-01-22,sensor7,1.6990777071633563
2022-01-22,sensor8,1.4449098944977365
2022-01-22,sensor9,1.3270262596311104
2022-01-22,sensor10,1.5456092188180195
2022-01-23,sensor1,1.293566350035606
2022-01-23,sensor2,1.9553999609108281
2022-01-23,sensor3,1.5518379693189113
2022-01-23,sensor4,1.6409291991011792
2022-01-23,sensor5,1.2355458653736675
2022-01-23,sensor6,1.363114126439384
2022-01-23,sensor7,0.8812821470838546
2022-01-23,sensor8,1.704805322510881
2022-01-23,sensor9,0.8110530192154037
2022-01-23,sensor10,0.8911810720435507
2022-01-24,sensor1,0.53156435107105
2022-01-24,sensor2,1.2494999522598587
2022-01-24,sensor3,0.9528170100383271
2022-01-24,sensor4,1.1683044406750955
2022-01-24,sensor5,1.8481337918142253
2022-01-24,sensor6,1.4444232914874013
2022-01-24,sensor7,1.8201247239223728
2022-01-24,sensor8,1.4651428761372025
2022-01-24,sensor9,1.5343720065317803
2022-01-24,sensor10,0.5838042584772691
2022-01-25,sensor1,1.1316072832706123
2022-01-25,sensor2,0.7511709589409861
2022-01-25,sensor3,0.8089805654794044
2022-01-25,sensor4,1.6310578828744686
2022-01-25,sensor5,0.8727051677888475
2022-01-25,sensor6,0.7700890795005565
2022-01-25,sensor7,1.4116118257555033
2022-01-25,sensor8,1.109476628122242
2022-01-25,sensor9,1.4486958421360816
2022-01-25,sensor10,0.6472584640613022
2022-01-26,sensor1,1.242402772060434
2022-01-26,sensor2,0.9422612410321951
2022-01-26,sensor3,0.5116592585663993
2022-01-26,sensor4,1.568943856832035
2022-01-26,sensor5,1.096566795660726
2022-01-26,sensor6,1.3719383452510774
2022-01-26,sensor7,1.2469156354244355
2022-01-26,sensor8,1.3867497684140768
2022-01-26,sensor9,1.8520794613638467
2022-01-26,sensor10,0.9688950059447013
2022-01-27,sensor1,1.2383879359224628
2022-01-27,sensor2,1.4422942126073512
2022-01-27,sensor3,1.7504537016773862
2022-01-27,sensor4,1.170422416501094
2022-01-27,sensor5,1.2214650343671447
2022-01-27,sensor6,1.4441052557157603
2022-01-27,sensor7,1.2417737388596577
2022-01-27,sensor8,1.5763988459163576
2022-01-27,sensor9,0.5074020748616843
2022-01-27,sensor10,1.7777511389707545
2022-01-28,sensor1,1.3256813612275204
2022-01-28,sensor2,0.6745925088748588
2022-01-28,sensor3,0.5466897382383569
2022-01-28,sensor4,1.325222538442097
2022-01-28,sensor5,0.5244280183594642
2022-01-28,sensor6,1.9853689290955814
2022-01-28,sensor7,1.158400377743409
2022-01-28,sensor8,1.4384142989166349
2022-01-28,sensor9,0.6580707463153896
2022-01-28,sensor10,1.4890410422302292
2022-01-29,sensor1,0.6651223727399502
2022-01-29,sensor2,1.3621576804158277
2022-01-29,sensor3,0.7303946867091935
2022-01-29,sensor4,1.2431653006545487
2022-01-29,sensor5,1.0906718486486295
2022-01-29,sensor6,1.0660850030642552
2022-01-29,sensor7,1.1864291160114084
2022-01-29,sensor8,0.9453508414393597
2022-01-29,sensor9,0.9074224775029484
2022-01-29,sensor10,1.876927083815115
2022-01-30,sensor1,1.465764199704816
2022-01-30,sensor2,1.7248910393582886
2022-01-30,sensor3,1.2075991876308305
2022-01-30,sensor4,0.6811499966991463
2022-01-30,sensor5,1.9005478541455694
2022-01-30,sensor6,1.4409738110491668
2022-01-30,sensor7,0.9466684328056021
2022-01-30,sensor8,1.7095779199595726
2022-01-30,sensor9,0.5985260824173677
2022-01-30,sensor10,1.0605234874775382
2022-01-31,sensor1,0.96630576396176
2022-01-31,sensor2,1.5896659079588018
2022-01-31,sensor3,1.1136639494916492
2022-01-31,sensor4,1.1697656211730343
2022-01-31,sensor5,0.9593353239377239
2022-01-31,sensor6,0.6838926539254406
2022-01-31,sensor7,0.6480499761276323
2022-01-31,sensor8,1.1120346149458216
2022-01-31,sensor9,1.8832600078142443
2022-01-31,sensor10,1.8409714899326657
2022-02-01,sensor1,1.1421831884536338
2022-02-01,sensor2,1.088007619654069
2022-02-01,sensor3,1.0810522909029694
2022-02-01,sensor4,1.0287791337351546
2022-02-01,sensor5,0.7972593858420178
2022-02-01,sensor6,0.8712954599925413
2022-02-01,sensor7,0.8425846299853922
2022-02-01,sensor8,1.8435346117192084
2022-02-01,sensor9,1.7069273241484166
2022-02-01,sensor10,0.8473516610016139
2022-02-02,sensor1,1.7514056638592856
2022-02-02,sensor2,1.221702617799557
2022-02-02,sensor3,1.1764667410269896
2022-02-02,sensor4,1.7677726333353028
2022-02-02,sensor5,0.6499380538668749
2022-02-02,sensor6,0.5604303672039228
2022-02-02,sensor7,1.6508454685400293
2022-02-02,sensor8,0.7556630511735551
2022-02-02,sensor9,0.8618890657183342
2022-02-02,sensor10,1.335693002253093
2022-02-03,sensor1,1.3682940757640119
2022-02-03,sensor2,1.6583474882282498
2022-02-03,sensor3,0.6204978982347857
2022-02-03,sensor4,1.1627868974130013
2022-02-03,sensor5,0.9256212682425713
2022-02-03,sensor6,0.7438120106932967
2022-02-03,sensor7,0.9221580372162912
2022-02-03,sensor8,1.4591199098794918
2022-02-03,sensor9,1.1503723773996817
2022-02-03,sensor10,1.3077286998303943
2022-02-04,sensor1,1.1905411511603454
2022-02-04,sensor2,0.9858933240380336
2022-02-04,sensor3,1.3923641497617691
2022-02-04,sensor4,1.143181899199828
2022-02-04,sensor5,1.7017474599275868
2022-02-04,sensor6,1.0384246758885851
2022-02-04,sensor7,1.8128728474270852
2022-02-04,sensor8,0.5510732433775807
2022-02-04,sensor9,1.2622418932217805
2022-02-04,sensor10,1.824639161638381
2022-02-05,sensor1,0.8306481423709263
2022-02-05,sensor2,1.1909651939044825
2022-02-05,sensor3,1.2376914184050034
2022-02-05,sensor4,1.5236542535546374
2022-02-05,sensor5,0.5439007106141698
2022-02-05,sensor6,1.970766819654134
2022-02-05,sensor7,0.6513069930805846
2022-02-05,sensor8,1.4850311119761694
2022-02-05,sensor9,1.3511629595561214
2022-02-05,sensor10,1.6096002198690464
2022-02-06,sensor1,1.3091168261461812
2022-02-06,sensor2,1.7530676625854054
2022-02-06,sensor3,0.8515955604725385
2022-02-06,sensor4,1.591588238427886
2022-02-06,sensor5,0.8021634737186235
2022-02-06,sensor6,0.7104710339458552
2022-02-06,sensor7,1.3902474651109382
2022-02-06,sensor8,1.353309161638526
2022-02-06,sensor9,1.888365736574994
2022-02-06,sensor10,1.8955067994462227
2022-02-07,sensor1,1.1005315141109542
2022-02-07,sensor2,0.8334271524661194
2022-02-07,sensor3,1.6056468281705547
2022-02-07,sensor4,0.9493362812708441
2022-02-07,sensor5,1.2135291025782777
2022-02-07,sensor6,1.0433052117356216
2022-02-07,sensor7,0.703070235781586
2022-02-07,sensor8,1.4744742893284346
2022-02-07,sensor9,1.6041246804404163
2022-02-07,sensor10,0.9227980440575856
2022-02-08,sensor1,1.6869675474374004
2022-02-08,sensor2,1.7183461724292968
2022-02-08,sensor3,1.4071689238942158
2022-02-08,sensor4,1.713525231973514
2022-02-08,sensor5,0.9812974501343898
2022-02-08,sensor6,0.7744620591834649
2022-02-08,sensor7,0.6168348493851231
2022-02-08,sensor8,0.7394154890554652
2022-02-08,sensor9,1.7717519481564017
2022-02-08,sensor10,1.4830530101167878
2022-02-09,sensor1,0.789387508005045
2022-02-09,sensor2,1.1218558336932751
2022-02-09,sensor3,1.0103999193292807
2022-02-09,sensor4,1.2193109935618902
2022-02-09,sensor5,1.8086644042866837
2022-02-09,sensor6,1.6437595921975556
2022-02-09,sensor7,1.1044101587594344
2022-02-09,sensor8,1.130177909660419
2022-02-09,sensor9,1.491636701509584
2022-02-09,sensor10,1.037929410564474
2022-02-10,sensor1,1.6514348059134787
2022-02-10,sensor2,1.6730976018448913
2022-02-10,sensor3,1.9389736419225696
2022-02-10,sensor4,1.813959957223609
2022-02-10,sensor5,0.6289210428453377
2022-02-10,sensor6,1.8079078999696503
2022-02-10,sensor7,1.419567102575162
2022-02-10,sensor8,1.1773288930951606
2022-02-10,sensor9,0.8638719528917657
2022-02-10,sensor10,1.388548045443908
2022-02-11,sensor1,1.9487474676246483
2022-02-11,sensor2,1.7434481572023093
2022-02-11,sensor3,0.8492157732521876
2022-02-11,sensor4,0.8474663561660587
2022-02-11,sensor5,1.3306171624011436
2022-02-11,sensor6,1.249160045906043
2022-02-11,sensor7,1.581221911085466
2022-02-11,sensor8,0.5567998348991607
2022-02-11,sensor9,1.679424132952732
2022-02-11,sensor10,1.0137482956956687
2022-02-12,sensor1,1.1215609302834957
2022-02-12,sensor2,1.3090943231198469
2022-02-12,sensor3,1.2127831126587623
2022-02-12,sensor4,1.288692318556675
2022-02-12,sensor5,0.5394230316887132
2022-02-12,sensor6,1.7121009550122812
2022-02-12,sensor7,1.9513033135561626
2022-02-12,sensor8,1.223523259864873
2022-02-12,sensor9,1.904564158221671
2022-02-12,sensor10,1.3090379059759183
2022-02-13,sensor1,0.760695641443091
2022-02-13,sensor2,1.4960121248344231
2022-02-13,sensor3,0.5362524796038881
2022-02-13,sensor4,1.977406898484947
2022-02-13,sensor5,1.047613572098822
2022-02-13,sensor6,1.9384481838648706
2022-02-13,sensor7,1.4404085258258514
2022-02-13,sensor8,0.5257328280025951
2022-02-13,sensor9,1.6642972300053809
2022-02-13,sensor10,0.870350430906697
2022-02-14,sensor1,0.8912896269491922
2022-02-14,sensor2,1.3012224810479136
2022-02-14,sensor3,1.4067182656868948
2022-02-14,sensor4,1.1462884986303816
2022-02-14,sensor5,1.3028207619158316
2022-02-14,sensor6,0.8572536584816582
2022-02-14,sensor7,1.7929416044030309
2022-02-14,sensor8,1.3687480317985772
2022-02-14,sensor9,1.7955501109266732
2022-02-14,sensor10,1.0135848360805841
2022-02-15,sensor1,0.7679143473764336
2022-02-15,sensor2,1.47197003839123
2022-02-15,sensor3,0.6153626946811248
2022-02-15,sensor4,1.866231644045447
2022-02-15,sensor5,0.5169653161879404
2022-02-15,sensor6,1.7334002196454001
2022-02-15,sensor7,0.5428788795802417
2022-02-15,sensor8,0.7492434537622177
2022-02-15,sensor9,1.2018367641548628
2022-02-15,sensor10,1.5790035208917756
2022-02-16,sensor1,0.5217611915818154
2022-02-16,sensor2,1.3076390590558624
2022-02-16,sensor3,0.5321467508796429
2022-02-16,sensor4,0.7123694872690467
2022-02-16,sensor5,0.709877704029896
2022-02-16,sensor6,0.9490649141174998
2022-02-16,sensor7,1.5645773356646133
2022-02-16,sensor8,1.1515875218988147
2022-02-16,sensor9,1.6433459467290004
2022-02-16,sensor10,1.4447701921415392
2022-02-17,sensor1,1.5079994837901118
2022-02-17,sensor2,0.7807315886851212
2022-02-17,sensor3,1.3182103779452432
2022-02-17,sensor4,1.2741706325241986
2022-02-17,sensor5,1.3730552159407545
2022-02-17,sensor6,1.5010606003778935
2022-02-17,sensor7,1.3421574062425286
2022-02-17,sensor8,1.189164626052755
2022-02-17,sensor9,1.7088064410629884
2022-02-17,sensor10,1.4544843566951575
2022-02-18,sensor1,1.1832672782280027
2022-02-18,sensor2,1.620787402574269
2022-02-18,sensor3,1.1636284886565798
2022-02-18,sensor4,1.6672329491190936
2022-02-18,sensor5,0.6695688802483177
2022-02-18,sensor6,1.7441233713141828
2022-02-18,sensor7,1.2709305966369102
2022-02-18,sensor8,1.4399564476784663
2022-02-18,sensor9,1.5601442756063606
2022-02-18,sensor10,1.7998843695087592
2022-02-19,sensor1,1.5022020124984594
2022-02-19,sensor2,1.6771572741066756
2022-02-19,sensor3,1.1095092848503112
2022-02-19,sensor4,0.7705286616370894
2022-02-19,sensor5,1.0111796651788245
2022-02-19,sensor6,1.328970771361479
2022-02-19,sensor7,1.891667681083841
2022-02-19,sensor8,1.7326612257287601
2022-02-19,sensor9,0.5266224658316556
2022-02-19,sensor10,1.8771745005880696
2022-02-20,sensor1,1.3441301974941944
2022-02-20,sensor2,0.8727122092892208
2022-02-20,sensor3,0.5417149583507981
2022-02-20,sensor4,1.3453948107582847
2022-02-20,sensor5,1.8224336176292275
2022-02-20,sensor6,1.1373890264811148
2022-02-20,sensor7,1.586969332672881
2022-02-20,sensor8,1.7147539516722616
2022-02-20,sensor9,1.2167419315520784
2022-02-20,sensor10,0.800635113822219
2022-02-21,sensor1,1.9993413141069662
2022-02-21,sensor2,0.5618685340581657
2022-02-21,sensor3,0.6618451249580051
2022-02-21,sensor4,0.8135329193394916
2022-02-21,sensor5,0.8335861633107402
2022-02-21,sensor6,1.5505853820204378
2022-02-21,sensor7,0.5742831527066659
2022-02-21,sensor8,1.2571147174548818
2022-02-21,sensor9,1.6799796765550719
2022-02-21,sensor10,0.9433941200044067
2022-02-22,sensor1,1.477665064591608
2022-02-22,sensor2,1.4560966627777416
2022-02-22,sensor3,1.9635631732679557
2022-02-22,sensor4,0.9281491097762448
2022-02-22,sensor5,1.2451455357708814
2022-02-22,sensor6,1.284373351319636
2022-02-22,sensor7,1.5638027193243185
2022-02-22,sensor8,1.8050878451422143
2022-02-22,sensor9,1.5898272770289679
2022-02-22,sensor10,0.6390545308351037
2022-02-23,sensor1,1.9581844554998598
2022-02-23,sensor2,1.95006596979663
2022-02-23,sensor3,0.8854547260963834
2022-02-23,sensor4,0.880870687083398
2022-02-23,sensor5,1.6192566114545317
2022-02-23,sensor6,1.0374060310013156
2022-02-23,sensor7,0.5982236055600125
2022-02-23,sensor8,1.341913772623073
2022-02-23,sensor9,1.4399625256819246
2022-02-23,sensor10,0.80398479892352
2022-02-24,sensor1,1.0931993967942084
2022-02-24,sensor2,0.5034358037226134
2022-02-24,sensor3,0.6823037391027402
2022-02-24,sensor4,0.668321308597064
2022-02-24,sensor5,0.6116659648483813
2022-02-24,sensor6,1.0950632356413195
2022-02-24,sensor7,0.7233696533925937
2022-02-24,sensor8,1.1456685327204812
2022-02-24,sensor9,1.9079541700725668
2022-02-24,sensor10,1.340691220416453
2022-02-25,sensor1,1.2357377290691116
2022-02-25,sensor2,1.9282005486226204
2022-02-25,sensor3,1.3610709463019017
2022-02-25,sensor4,1.5750718065946032
2022-02-25,sensor5,1.4241185561408982
2022-02-25,sensor6,1.6143988466113173
2022-02-25,sensor7,1.902419121298507
2022-02-25,sensor8,1.078831738853933
2022-02-25,sensor9,1.5684700139247019
2022-02-25,sensor10,0.9154734247024425
2022-02-26,sensor1,0.5815785071592182
2022-02-26,sensor2,0.6132649916527257
2022-02-26,sensor3,1.5010915945000165
2022-02-26,sensor4,0.7830502927725036
2022-02-26,sensor5,1.038085176560304
2022-02-26,sensor6,0.6092858511932091
2022-02-26,sensor7,1.7818229967826809
2022-02-26,sensor8,1.2808198880253039
2022-02-26,sensor9,0.882466862084731
2022-02-26,sensor10,1.8723897300137535
2022-02-27,sensor1,1.5818352291476232
2022-02-27,sensor2,1.7197320472865676
2022-02-27,sensor3,1.8023923396077441
2022-02-27,sensor4,1.5324860226150696
2022-02-27,sensor5,0.5982181302589222
2022-02-27,sensor6,1.7742119472555544
2022-02-27,sensor7,1.3113883893761944
2022-02-27,sensor8,0.6749701950964988
2022-02-27,sensor9,1.1506318007800336
2022-02-27,sensor10,0.6662423378351385
2022-02-28,sensor1,1.538163993112278
2022-02-28,sensor2,1.3720528281398132
2022-02-28,sensor3,1.4671944771489676
2022-02-28,sensor4,1.9924501081913706
2022-02-28,sensor5,1.886723266176796
2022-02-28,sensor6,1.8193148912702573
2022-02-28,sensor7,0.7516231681534933
2022-02-28,sensor8,1.1011876277126822
2022-02-28,sensor9,1.2619280222715021
2022-02-28,sensor10,1.5821421237266338
2022-03-01,sensor1,0.8125362325472997
2022-03-01,sensor2,1.7858038784099208
2022-03-01,sensor3,0.8950857806654628
2022-03-01,sensor4,1.5904033753238238
2022-03-01,sensor5,1.6725643376099133
2022-03-01,sensor6,1.457142973303053
2022-03-01,sensor7,1.2391689386477358
2022-03-01,sensor8,1.8861659595811229
2022-03-01,sensor9,0.7117533639833665
2022-03-01,sensor10,0.785182192594633
2022-03-02,sensor1,1.763948713116194
2022-03-02,sensor2,1.9404491795790315
2022-03-02,sensor3,1.5063201449043688
2022-03-02,sensor4,1.2397829377712797
2022-03-02,sensor5,0.6279683167840302
2022-03-02,sensor6,1.5578962388226048
2022-03-02,sensor7,1.1028196068501839
2022-03-02,sensor8,1.5280529478346216
2022-03-02,sensor9,0.8620124180011723
2022-03-02,sensor10,1.8224744643435504
2022-03-03,sensor1,1.206530521717128
2022-03-03,sensor2,1.8174544213635477
2022-03-03,sensor3,0.5748003560151549
2022-03-03,sensor4,0.9159470848260691
2022-03-03,sensor5,1.585470771879471
2022-03-03,sensor6,1.6012612055390463
2022-03-03,sensor7,1.7195460934955862
2022-03-03,sensor8,1.7552724700508027
2022-03-03,sensor9,1.1902867833765232
2022-03-03,sensor10,1.968760571887048
2022-03-04,sensor1,1.3792529909892068
2022-03-04,sensor2,1.007208005316608
2022-03-04,sensor3,1.464183597856239
2022-03-04,sensor4,0.6483790828257008
2022-03-04,sensor5,0.5235511898460351
2022-03-04,sensor6,1.1925540655289104
2022-03-04,sensor7,1.7900743699866621
2022-03-04,sensor8,0.6494896734885156
2022-03-04,sensor9,1.1333068857370612
2022-03-04,sensor10,1.592880796244234
2022-03-05,sensor1,0.6749037067610055
2022-03-05,sensor2,1.8971574662677775
2022-03-05,sensor3,0.6898728523714662
2022-03-05,sensor4,0.8504862714049681
2022-03-05,sensor5,0.8446810316585315
2022-03-05,sensor6,1.2465413162661925
2022-03-05,sensor7,1.2604805585462882
2022-03-05,sensor8,1.2353394253362655
2022-03-05,sensor9,1.0078373084591383
2022-03-05,sensor10,1.9071781553835085
2022-03-06,sensor1,0.5820330797208781
2022-03-06,sensor2,1.3941152450752425
2022-03-06,sensor3,1.5538911253304895
2022-03-06,sensor4,1.1879920927844605
2022-03-06,sensor5,1.6394523289264777
2022-03-06,sensor6,0.9442592409028653
2022-03-06,sensor7,1.2025886511997854
2022-03-06,sensor8,1.3819842470643309
2022-03-06,sensor9,1.6193074169437573
2022-03-06,sensor10,0.9586397378611788
2022-03-07,sensor1,0.9245413952775993
2022-03-07,sensor2,0.8581209723940313
2022-03-07,sensor3,0.8186232688910478
2022-03-07,sensor4,0.7026786833051328
2022-03-07,sensor5,1.4863198312419996
2022-03-07,sensor6,0.6471285459006282
2022-03-07,sensor7,1.5854070712313888
2022-03-07,sensor8,0.9720414478046927
2022-03-07,sensor9,1.879415928278271
2022-03-07,sensor10,0.5307661333421552
2022-03-08,sensor1,1.3752151401802588
2022-03-08,sensor2,1.5346113099163352
2022-03-08,sensor3,0.8203379170422607
2022-03-08,sensor4,1.4270152610096682
2022-03-08,sensor5,1.036791783402499
2022-03-08,sensor6,1.8058032885631543
2022-03-08,sensor7,1.9990953665285824
2022-03-08,sensor8,1.9137816040559823
2022-03-08,sensor9,0.7646696887034745
2022-03-08,sensor10,1.0017650986285513
2022-03-09,sensor1,1.4065744004267706
2022-03-09,sensor2,0.8131864823898236
2022-03-09,sensor3,1.2022097812143042
2022-03-09,sensor4,1.5812516473502711
2022-03-09,sensor5,1.7508928965459494
2022-03-09,sensor6,1.5447490720983188
2022-03-09,sensor7,1.3356516870534914
2022-03-09,sensor8,1.726925047817601
2022-03-09,sensor9,0.8809584181473686
2022-03-09,sensor10,1.4932086758083492
2022-03-10,sensor1,1.6200344108356537
2022-03-10,sensor2,0.5787692454876683
2022-03-10,sensor3,1.0112172212084616
2022-03-10,sensor4,1.7811112824648079
2022-03-10,sensor5,0.9789518060694216
2022-03-10,sensor6,1.5670415314769128
2022-03-10,sensor7,0.5341213401385202
2022-03-10,sensor8,1.5747145737470545
2022-03-10,sensor9,1.7835742193868747
2022-03-10,sensor10,1.5934786240339058
2022-03-11,sensor1,1.8653048929272318
2022-03-11,sensor2,0.9944021899947174
2022-03-11,sensor3,0.5539549628373766
2022-03-11,sensor4,1.9783826365337958
2022-03-11,sensor5,1.74313807265485
2022-03-11,sensor6,1.3887275973107862
2022-03-11,sensor7,0.8670605263633915
2022-03-11,sensor8,1.5937367792423853
2022-03-11,sensor9,1.8980606073044104
2022-03-11,sensor10,1.304382127822245
2022-03-12,sensor1,0.6884402330758839
2022-03-12,sensor2,1.325571233942947
2022-03-12,sensor3,1.8242856745374154
2022-03-12,sensor4,0.5795170356004079
2022-03-12,sensor5,1.8566909751633012
2022-03-12,sensor6,1.4849436969215632
2022-03-12,sensor7,1.7965216394441008
2022-03-12,sensor8,1.3196043142111629
2022-03-12,sensor9,1.9063487024733106
2022-03-12,sensor10,1.1188215149019003
2022-03-13,sensor1,1.7391216204616702
2022-03-13,sensor2,0.8941170561558827
2022-03-13,sensor3,1.4618483381630627
2022-03-13,sensor4,0.8990557683609095
2022-03-13,sensor5,1.2365119441045143
2022-03-13,sensor6,1.6580558601950124
2022-03-13,sensor7,0.5423465320817968
2022-03-13,sensor8,0.5073914524876302
2022-03-13,sensor9,1.1094570881699084
2022-03-13,sensor10,1.6029486040245353
2022-03-14,sensor1,0.6804564191315591
2022-03-14,sensor2,0.6177678804683262
2022-03-14,sensor3,1.9757346461160112
2022-03-14,sensor4,0.9916426241208893
2022-03-14,sensor5,1.8379151810564294
2022-03-14,sensor6,1.8104293572045835
2022-03-14,sensor7,1.4645062647028468
2022-03-14,sensor8,1.8838105336609445
2022-03-14,sensor9,1.582361603832104
2022-03-14,sensor10,1.9040038061524507
2022-03-15,sensor1,0.517506292910304
2022-03-15,sensor2,0.8254033719619471
2022-03-15,sensor3,0.75092290728048
2022-03-15,sensor4,1.0083905320556381
2022-03-15,sensor5,1.8258922302990372
2022-03-15,sensor6,1.7271869602475287
2022-03-15,sensor7,1.4448494817697484
2022-03-15,sensor8,1.1720719200206675
2022-03-15,sensor9,0.632284960453003
2022-03-15,sensor10,1.3599793168908263
2022-03-16,sensor1,1.0582120964283812
2022-03-16,sensor2,0.6042205088533337
2022-03-16,sensor3,1.6837950971851536
2022-03-16,sensor4,0.8743383195573683
2022-03-16,sensor5,0.6067582004407175
2022-03-16,sensor6,0.7513898438066047
2022-03-16,sensor7,1.0126091890755529
2022-03-16,sensor8,1.9494237263536884
2022-03-16,sensor9,1.4250086816194407
2022-03-16,sensor10,0.9281494330863245
2022-03-17,sensor1,1.9173298633099505
2022-03-17,sensor2,1.9633329114330738
2022-03-17,sensor3,0.5826022603818023
2022-03-17,sensor4,1.6727589732203725
2022-03-17,sensor5,0.9872255819921227
2022-03-17,sensor6,0.7224837600435097
2022-03-17,sensor7,0.6446618251432774
2022-03-17,sensor8,1.3934287858099887
2022-03-17,sensor9,1.6689408255819709
2022-03-17,sensor10,0.9973730458189111
2022-03-18,sensor1,1.9730821378137888
2022-03-18,sensor2,1.1448026367397945
2022-03-18,sensor3,1.0578686625272322
2022-03-18,sensor4,1.5357430404280443
2022-03-18,sensor5,1.6901281394596697
2022-03-18,sensor6,1.9093971670497707
2022-03-18,sensor7,1.215371792376029
2022-03-18,sensor8,1.2471383188439353
2022-03-18,sensor9,0.755485901630521
2022-03-18,sensor10,1.522120590806503
2022-03-19,sensor1,0.9364863713974847
2022-03-19,sensor2,0.7087219898316055
2022-03-19,sensor3,1.0752492520677217
2022-03-19,sensor4,1.6691142470787064
2022-03-19,sensor5,1.8667114079949025
2022-03-19,sensor6,1.3711264768339604
2022-03-19,sensor7,1.6122181282605548
2022-03-19,sensor8,1.8119791272429588
2022-03-19,sensor9,1.81016984059738
2022-03-19,sensor10,1.494910910316787
2022-03-20,sensor1,1.8927947084874766
2022-03-20,sensor2,1.7068963186432617
2022-03-20,sensor3,1.507114198554061
2022-03-20,sensor4,0.8655642707710023
2022-03-20,sensor5,0.6155091565400512
2022-03-20,sensor6,1.6555168626367474
2022-03-20,sensor7,1.42074680577992
2022-03-20,sensor8,0.5129320065181702
2022-03-20,sensor9,0.5305297790419077
2022-03-20,sensor10,1.0327508304103326
2022-03-21,sensor1,0.9009054322767206
2022-03-21,sensor2,1.5976610078817421
2022-03-21,sensor3,0.6152585942031548
2022-03-21,sensor4,0.6981653619103706
2022-03-21,sensor5,0.9909175254241629
2022-03-21,sensor6,0.7585821438168225
2022-03-21,sensor7,0.5334554306049784
2022-03-21,sensor8,0.5510460279756569
2022-03-21,sensor9,0.8050714436751676
2022-03-21,sensor10,0.5150294186791308
2022-03-22,sensor1,0.6651595664008767
2022-03-22,sensor2,1.699083607225707
2022-03-22,sensor3,1.1776625947050054
2022-03-22,sensor4,1.7357287347156558
2022-03-22,sensor5,1.6459456947680724
2022-03-22,sensor6,0.8917851386395581
2022-03-22,sensor7,1.59616372188258
2022-03-22,sensor8,1.4524386124133408
2022-03-22,sensor9,0.6526152669133374
2022-03-22,sensor10,1.5493153086009586
2022-03-23,sensor1,1.94526721342091
2022-03-23,sensor2,1.224113287227975
2022-03-23,sensor3,0.8273260283093808
2022-03-23,sensor4,1.7665212673592305
2022-03-23,sensor5,0.6688781119844152
2022-03-23,sensor6,1.9340051368350977
2022-03-23,sensor7,1.0074117083236471
2022-03-23,sensor8,1.7803721608695589
2022-03-23,sensor9,0.9879929646439729
2022-03-23,sensor10,1.4426327327333133
2022-03-24,sensor1,1.84888055403827
2022-03-24,sensor2,1.0407710649894155
2022-03-24,sensor3,1.1199885823731477
2022-03-24,sensor4,1.2288738309751177
2022-03-24,sensor5,1.6226664654864311
2022-03-24,sensor6,1.187521530412634
2022-03-24,sensor7,0.91564797357815
2022-03-24,sensor8,1.1380508331869348
2022-03-24,sensor9,0.7761560625899047
2022-03-24,sensor10,1.733406806755501
2022-03-25,sensor1,1.8443199187077643
2022-03-25,sensor2,1.6384046153836618
2022-03-25,sensor3,1.6379685585428576
2022-03-25,sensor4,1.2976891584112298
2022-03-25,sensor5,0.733741763199422
2022-03-25,sensor6,1.9979867917633922
2022-03-25,sensor7,1.568080517292247
2022-03-25,sensor8,1.901895271171663
2022-03-25,sensor9,1.0418908115476764
2022-03-25,sensor10,1.2607532973593796
2022-03-26,sensor1,0.7663770327770791
2022-03-26,sensor2,0.5689852901580508
2022-03-26,sensor3,0.8673092493781189
2022-03-26,sensor4,1.9356402402420747
2022-03-26,sensor5,1.693692273408812
2022-03-26,sensor6,0.9194921303750887
2022-03-26,sensor7,1.154811232545143
2022-03-26,sensor8,1.6665455771325732
2022-03-26,sensor9,0.5771406826737164
2022-03-26,sensor10,1.0615090166447356
2022-03-27,sensor1,1.2003142126198167
2022-03-27,sensor2,1.5587345203456868
2022-03-27,sensor3,1.790644687238717
2022-03-27,sensor4,1.504164873720402
2022-03-27,sensor5,1.0061049710179601
2022-03-27,sensor6,1.4377460636878978
2022-03-27,sensor7,1.6806596099937732
2022-03-27,sensor8,1.061810095823584
2022-03-27,sensor9,1.4334594524508417
2022-03-27,sensor10,1.4387772431872246
2022-03-28,sensor1,0.5275817001709384
2022-03-28,sensor2,1.695613097154991
2022-03-28,sensor3,0.9076653136497959
2022-03-28,sensor4,1.5473171035540432
2022-03-28,sensor5,1.566867941269154
2022-03-28,sensor6,1.2856452745260554
2022-03-28,sensor7,1.8958982626749181
2022-03-28,sensor8,1.1334804369259737
2022-03-28,sensor9,1.9615229124104643
2022-03-28,sensor10,1.7754855466684947
2022-03-29,sensor1,1.477505840485869
2022-03-29,sensor2,1.4510202384753956
2022-03-29,sensor3,0.8292366524972257
2022-03-29,sensor4,0.6713873675084019
2022-03-29,sensor5,1.6980770825789606
2022-03-29,sensor6,0.9279787878260615
2022-03-29,sensor7,1.1280676728369445
2022-03-29,sensor8,1.5771758407962433
2022-03-29,sensor9,1.1651926923799913
2022-03-29,sensor10,1.0746709995897585
2022-03-30,sensor1,1.0734183594181568
2022-03-30,sensor2,1.5849088010885328
2022-03-30,sensor3,1.1560322289459
2022-03-30,sensor4,1.5907654313880406
2022-03-30,sensor5,0.6516689492123806
2022-03-30,sensor6,1.250442364089488
2022-03-30,sensor7,1.2843174856637298
2022-03-30,sensor8,1.2502171145161352
2022-03-30,sensor9,1.4442329280458377
2022-03-30,sensor10,0.686205928849699
2022-03-31,sensor1,1.798059430546453
2022-03-31,sensor2,0.8668991313123311
2022-03-31,sensor3,1.8058406935839975
2022-03-31,sensor4,0.913136601430494
2022-03-31,sensor5,1.7791863132037213
2022-03-31,sensor6,0.5445962401551799
2022-03-31,sensor7,0.5953187747698878
2022-03-31,sensor8,1.9864569334242275
2022-03-31,sensor9,1.6589001081485417
2022-03-31,sensor10,0.6102058594407209
2022-04-01,sensor1,1.0294859793704094
2022-04-01,sensor2,1.9381816388672564
2022-04-01,sensor3,0.665793303258944
2022-04-01,sensor4,1.0242205398734443
2022-04-01,sensor5,1.6668104747538814
2022-04-01,sensor6,0.61186831880553
2022-04-01,sensor7,1.2394047029572786
2022-04-01,sensor8,1.5092011872022948
2022-04-01,sensor9,1.9163321604621277
2022-04-01,sensor10,1.0048802515003656
2022-04-02,sensor1,1.8047040326777801
2022-04-02,sensor2,1.648969162506105
2022-04-02,sensor3,0.6660679113658505
2022-04-02,sensor4,1.5651954227569587
2022-04-02,sensor5,1.0409583700609533
2022-04-02,sensor6,1.003759332879749
2022-04-02,sensor7,0.607090144976743
2022-04-02,sensor8,1.3017494786296202
2022-04-02,sensor9,1.7949402501819716
2022-04-02,sensor10,0.8115607015221108
2022-04-03,sensor1,0.7128423402065531
2022-04-03,sensor2,1.2051515565750672
2022-04-03,sensor3,0.5569645673238569
2022-04-03,sensor4,0.6954333990341421
2022-04-03,sensor5,1.0492339468792993
2022-04-03,sensor6,1.9493414729407728
2022-04-03,sensor7,0.6413148676520166
2022-04-03,sensor8,0.8846974324356236
2022-04-03,sensor9,1.8625814351128556
2022-04-03,sensor10,1.9953705456728903
2022-04-04,sensor1,1.111153040942516
2022-04-04,sensor2,1.5647601709227104
2022-04-04,sensor3,1.9369467716276043
2022-04-04,sensor4,0.968792456117685
2022-04-04,sensor5,0.7903795561271894
2022-04-04,sensor6,0.5718014766715904
2022-04-04,sensor7,1.46784360959184
2022-04-04,sensor8,1.8354242506345377
2022-04-04,sensor9,1.3389062788473511
2022-04-04,sensor10,0.7254675726235308
2022-04-05,sensor1,0.9372131842063736
2022-04-05,sensor2,0.8580951017689162
2022-04-05,sensor3,1.2716730586546061
2022-04-05,sensor4,0.5994801353423225
2022-04-05,sensor5,1.494042848045785
2022-04-05,sensor6,0.6100410591023829
2022-04-05,sensor7,0.674242491082981
2022-04-05,sensor8,1.0126648280498474
2022-04-05,sensor9,0.9737973205642148
2022-04-05,sensor10,1.9667338605542004
2022-04-06,sensor1,0.5550684248347486
2022-04-06,sensor2,0.559241708837781
2022-04-06,sensor3,1.8568332220991248
2022-04-06,sensor4,0.8423857894666299
2022-04-06,sensor5,1.0665688528087525
2022-04-06,sensor6,1.1887467966192213
2022-04-06,sensor7,0.9144785592245116
2022-04-06,sensor8,0.8687559905646796
2022-04-06,sensor9,0.6975777992931285
2022-04-06,sensor10,1.062663498552687
2022-04-07,sensor1,0.5365356290050538
2022-04-07,sensor2,1.0785600336292456
2022-04-07,sensor3,1.27704364316488
2022-04-07,sensor4,1.3305961537043425
2022-04-07,sensor5,0.6582547722219715
2022-04-07,sensor6,1.9260167474598362
2022-04-07,sensor7,0.854031976249418
2022-04-07,sensor8,1.026651018384312
2022-04-07,sensor9,1.926037118354623
2022-04-07,sensor10,1.3346587500151268
2022-04-08,sensor1,1.0444986277692156
2022-04-08,sensor2,0.9208317647095572
2022-04-08,sensor3,0.7280274677684506
2022-04-08,sensor4,1.7917876955419396
2022-04-08,sensor5,0.8794882900545862
2022-04-08,sensor6,1.6679985056561282
2022-04-08,sensor7,1.041394610717209
2022-04-08,sensor8,1.0142494284728096
2022-04-08,sensor9,1.4281583980667336
2022-04-08,sensor10,1.9588748418959108
2022-04-09,sensor1,0.5824206282538624
2022-04-09,sensor2,0.9123844738540292
2022-04-09,sensor3,1.5053314888975107
2022-04-09,sensor4,1.387959642542562
2022-04-09,sensor5,0.771489088613202
2022-04-09,sensor6,1.4457068587838204
2022-04-09,sensor7,1.6387025710744334
2022-04-09,sensor8,1.5084200427328032
2022-04-09,sensor9,1.743933177156219
2022-04-09,sensor10,1.7777378455225927
2022-04-10,sensor1,1.429877009809641
2022-04-10,sensor2,0.9892564572235147
2022-04-10,sensor3,1.4852777215394606
2022-04-10,sensor4,0.958803668539801
2022-04-10,sensor5,1.095013893284019
2022-04-10,sensor6,0.8902224546047521
2022-04-10,sensor7,1.8326317612519025
2022-04-10,sensor8,1.035700000383759
2022-04-10,sensor9,1.719294398801519
2022-04-10,sensor10,1.116329614728917
2022-04-11,sensor1,1.8365995416908278
2022-04-11,sensor2,1.2997635404676096
2022-04-11,sensor3,1.6021532588582579
2022-04-11,sensor4,1.8200493958404547
2022-04-11,sensor5,1.2377968848626897
2022-04-11,sensor6,1.3310088046165933
2022-04-11,sensor7,1.3898111811927163
2022-04-11,sensor8,1.4006089923735343
2022-04-11,sensor9,1.0682320721201128
2022-04-11,sensor10,1.7228702842069925
2022-04-12,sensor1,1.4572881864745124
2022-04-12,sensor2,1.7985932671824771
2022-04-12,sensor3,1.1564763953671942
2022-04-12,sensor4,0.5766024199751069
2022-04-12,sensor5,1.4879259983680524
2022-04-12,sensor6,1.217331039031429
2022-04-12,sensor7,1.244791407637413
2022-04-12,sensor8,1.957357292329274
2022-04-12,sensor9,1.3106912351929454
2022-04-12,sensor10,0.9218511660609693
2022-04-13,sensor1,1.8155723329052895
2022-04-13,sensor2,1.9478129544703617
2022-04-13,sensor3,1.2719564244236659
2022-04-13,sensor4,0.9098147071093805
2022-04-13,sensor5,1.7084924462516775
2022-04-13,sensor6,1.3955939338028527
2022-04-13,sensor7,0.5134250014424278
2022-04-13,sensor8,1.0658762326391078
2022-04-13,sensor9,0.900557563669331
2022-04-13,sensor10,1.416715267545032
2022-04-14,sensor1,1.5074403081221168
2022-04-14,sensor2,1.5251805607393427
2022-04-14,sensor3,0.5551688305497098
2022-04-14,sensor4,0.5371483140855411
2022-04-14,sensor5,0.8433990693984832
2022-04-14,sensor6,1.9060590194233709
2022-04-14,sensor7,1.5689188656585
2022-04-14,sensor8,0.6820492342079688
2022-04-14,sensor9,1.7645609375623397
2022-04-14,sensor10,1.6803758900005377
2022-04-15,sensor1,1.1927375110896976
2022-04-15,sensor2,0.5598126037295834
2022-04-15,sensor3,1.2877531535394893
2022-04-15,sensor4,1.3297370168062232
2022-04-15,sensor5,1.4971511844453314
2022-04-15,sensor6,0.611164647274909
2022-04-15,sensor7,1.1561217504724695
2022-04-15,sensor8,1.0804803880793328
2022-04-15,sensor9,1.3131732708024886
2022-04-15,sensor10,1.143024585059427
2022-04-16,sensor1,1.200961766489293
2022-04-16,sensor2,1.526433192042768
2022-04-16,sensor3,1.9649213494737334
2022-04-16,sensor4,1.5529755756037504
2022-04-16,sensor5,1.3644749725961454
2022-04-16,sensor6,1.869684668186231
2022-04-16,sensor7,1.735421623474231
2022-04-16,sensor8,1.2324161439224857
2022-04-16,sensor9,0.5385473150462057
2022-04-16,sensor10,1.688665871103519
2022-04-17,sensor1,1.6444441323522108
2022-04-17,sensor2,1.5774284720724374
2022-04-17,sensor3,0.7753000452791894
2022-04-17,sensor4,0.9205518697346254
2022-04-17,sensor5,0.7609245359340238
2022-04-17,sensor6,1.4382593959311016
2022-04-17,sensor7,1.6347705290165577
2022-04-17,sensor8,1.07374578844854
2022-04-17,sensor9,0.5716032094732884
2022-04-17,sensor10,0.8592350026610294
2022-04-18,sensor1,1.2988162100294212
2022-04-18,sensor2,1.8493146497468134
2022-04-18,sensor3,1.4368737222630272
2022-04-18,sensor4,0.8218987189062008
2022-04-18,sensor5,1.7260913796815553
2022-04-18,sensor6,1.124861026223008
2022-04-18,sensor7,1.5234555150298212
2022-04-18,sensor8,1.6250427229747098
2022-04-18,sensor9,1.7782212820086258
2022-04-18,sensor10,1.6866262168911668
2022-04-19,sensor1,1.7787069824906827
2022-04-19,sensor2,1.7464572399676213
2022-04-19,sensor3,1.3493765280494645
2022-04-19,sensor4,1.9407364155510347
2022-04-19,sensor5,1.4424825664524092
2022-04-19,sensor6,1.6001214295968351
2022-04-19,sensor7,0.5155834286625609
2022-04-19,sensor8,1.5046102547417703
2022-04-19,sensor9,1.3516521955145904
2022-04-19,sensor10,1.8913634350818866
2022-04-20,sensor1,1.9567802754825712
2022-04-20,sensor2,0.9127284762182548
2022-04-20,sensor3,1.0302682328249455
2022-04-20,sensor4,0.8706455337630081
2022-04-20,sensor5,0.6817528996786459
2022-04-20,sensor6,0.8553638463013626
2022-04-20,sensor7,0.9409626714092446
2022-04-20,sensor8,1.7936622322430793
2022-04-20,sensor9,1.904360196130288
2022-04-20,sensor10,1.990344533402217
2022-04-21,sensor1,1.067176359812003
2022-04-21,sensor2,1.3099939550259623
2022-04-21,sensor3,1.0489874927214284
2022-04-21,sensor4,1.6220945284776533
2022-04-21,sensor5,1.8739528475659302
2022-04-21,sensor6,1.740511289817598
2022-04-21,sensor7,0.9631311466760183
2022-04-21,sensor8,0.5027519053286451
2022-04-21,sensor9,1.207666767187929
2022-04-21,sensor10,1.2898718861453282
